{"metadata":{"result_type":"recent","iso_language_code":"en"},"in_reply_to_status_id_str":null,"in_reply_to_status_id":null,"coordinates":null,"created_at":"Fri May 05 16:30:15 +0000 2017","truncated":false,"in_reply_to_user_id_str":null,"source":"<a href=\"http://twitter.com/download/iphone\" rel=\"nofollow\">Twitter for iPhone<\/a>","retweet_count":0,"retweeted":false,"geo":null,"in_reply_to_screen_name":null,"is_quote_status":false,"entities":{"urls":[],"hashtags":[{"indices":[138,143],"text":"byui"}],"user_mentions":[],"symbols":[]},"id_str":"860532100285440000","in_reply_to_user_id":null,"favorite_count":1,"id":860532100285440000,"text":"My teacher was almost 15 min late to class today but he brought in his great granddaughter &amp; she was SO cute. Only at this school lol #byui","place":null,"contributors":null,"lang":"en","user":{"utc_offset":-25200,"friends_count":327,"profile_image_url_https":"https://pbs.twimg.com/profile_images/851312186148265984/BF8Qc1M9_normal.jpg","listed_count":6,"profile_background_image_url":"http://pbs.twimg.com/profile_background_images/432151763555082240/oVnGMqsK.jpeg","default_profile_image":false,"favourites_count":18526,"description":"gothic flavor ♉️","created_at":"Mon Apr 13 21:40:44 +0000 2009","is_translator":false,"profile_background_image_url_https":"https://pbs.twimg.com/profile_background_images/432151763555082240/oVnGMqsK.jpeg","protected":false,"screen_name":"mileystefani","id_str":"30967790","profile_link_color":"E640CD","is_translation_enabled":false,"translator_type":"none","id":30967790,"geo_enabled":true,"profile_background_color":"030A01","lang":"en","has_extended_profile":true,"profile_sidebar_border_color":"FFFFFF","profile_text_color":"6161E6","verified":false,"profile_image_url":"http://pbs.twimg.com/profile_images/851312186148265984/BF8Qc1M9_normal.jpg","time_zone":"Pacific Time (US & Canada)","url":null,"contributors_enabled":false,"profile_background_tile":true,"profile_banner_url":"https://pbs.twimg.com/profile_banners/30967790/1428882510","entities":{"description":{"urls":[]}},"statuses_count":22735,"follow_request_sent":false,"followers_count":235,"profile_use_background_image":true,"default_profile":false,"following":false,"name":"upper east cyborg","location":"a beach house, ID","profile_sidebar_fill_color":"FF1C55","notifications":false},"favorited":false}